,correlation0,contrast0,homogeneity0,energy0,label
0,0.984160719256085,19.4122051282051,0.326723169664149,0.03747776297995,KelasB
1,0.980035924519066,21.6161491841492,0.326743679661085,0.038890266290489,KelasB
2,0.98394715269496,17.7980046620047,0.352094628778923,0.038809625538142,KelasA
3,0.983991751151645,17.2382470862471,0.345046103960565,0.0394934157332,KelasA
4,0.965463097448733,22.7251095571096,0.318050623013872,0.042146186302932,KelasSuper
5,0.97022470144463,21.5018368298368,0.315727946529542,0.041367565383921,KelasSuper
